<?xml version="1.0" encoding="UTF-8"?>
<project-private xmlns="http://www.netbeans.org/ns/project-private/1">
    <editor-bookmarks xmlns="http://www.netbeans.org/ns/editor-bookmarks/2" lastBookmarkId="0"/>
    <open-files xmlns="http://www.netbeans.org/ns/projectui-open-files/2">
        <group>
            <file>file:/C:/Users/NONI%20MUTHONI/Documents/NetBeansProjects/App/src/bill/Invoice.java</file>
            <file>file:/C:/Users/NONI%20MUTHONI/Documents/NetBeansProjects/App/src/user/Department.java</file>
            <file>file:/C:/Users/NONI%20MUTHONI/Documents/NetBeansProjects/App/src/property/Property.java</file>
            <file>file:/C:/Users/NONI%20MUTHONI/Documents/NetBeansProjects/App/src/user/Employee.java</file>
            <file>file:/C:/Users/NONI%20MUTHONI/Documents/NetBeansProjects/App/src/pkg/PropertyMa.java</file>
            <file>file:/C:/Users/NONI%20MUTHONI/Documents/NetBeansProjects/App/src/pkg/Login.java</file>
            <file>file:/C:/Users/NONI%20MUTHONI/Documents/NetBeansProjects/App/src/property/PropertySale.java</file>
            <file>file:/C:/Users/NONI%20MUTHONI/Documents/NetBeansProjects/App/src/bill/Receipting.java</file>
            <file>file:/C:/Users/NONI%20MUTHONI/Documents/NetBeansProjects/App/src/pkg/FrontOffice.java</file>
            <file>file:/C:/Users/NONI%20MUTHONI/Documents/NetBeansProjects/App/src/property/PropertyType.java</file>
        </group>
    </open-files>
</project-private>
